<?xml version="1.0" encoding="UTF-8"?>
<scr:component xmlns:scr="http://www.osgi.org/xmlns/scr/v1.3.0" name="com.virtusa.aem.solutions.core.servlets.DowloadAsXLServlet" immediate="true">
  <implementation class="com.virtusa.aem.solutions.core.servlets.DowloadAsXLServlet"/>
  <service>
    <provide interface="javax.servlet.Servlet"/>
  </service>
  <reference name="xLCompareService" interface="com.virtusa.aem.solutions.core.XLCompareService" field="xLCompareService"/>
  <property name="sling.servlet.paths" type="String" value="/bin/DownloadAsXlServlet"/>
  <property name="service.description" type="String" value="RequestHandlerServlet"/>
  <property name="sling.servlet.methods" type="String" value="GET"/>
</scr:component>
