<?xml version="1.0" encoding="UTF-8"?>
<scr:component xmlns:scr="http://www.osgi.org/xmlns/scr/v1.3.0" name="com.virtusa.aem.solutions.core.servlets.DowloadImagesDataAsXlServlet" immediate="true">
  <implementation class="com.virtusa.aem.solutions.core.servlets.DowloadImagesDataAsXlServlet"/>
  <service>
    <provide interface="javax.servlet.Servlet"/>
  </service>
  <reference name="assetImagesListService" interface="com.virtusa.aem.solutions.core.AssetImagesListService" field="assetImagesListService"/>
  <property name="sling.servlet.paths" type="String" value="/bin/DownloadImagesAsXlServlet"/>
  <property name="service.description" type="String" value="RequestHandlerServlet"/>
  <property name="sling.servlet.methods" type="String" value="GET"/>
</scr:component>
